product_id;material_id;material_yield;disassembly_complexity
1;70;2555.636;6
1;43;1894.117;8
2;33;7579.04;9
2;72;6372.948;6
2;9;3096.85;5
3;65;3494.573;5
3;48;166.444;7
4;26;1723.86;10
4;61;332.446;0
5;10;7891.347;0
5;13;9268.946;10
6;59;3774.748;2
7;37;427.878;1
7;65;7305.13;2
7;63;469.016;8
7;43;4198.713;1
8;63;6563.029;1
8;7;7250.055;6
8;9;6172.877;9
9;32;8154.962;2
9;16;8330.535;2
9;18;6435.089;7
10;18;5747.691;7
10;45;7313.056;2
11;51;2684.819;10
11;18;3667.439;0
11;47;3303.088;7
12;47;1106.96;2
12;15;7766.465;2
12;19;6374.579;2
13;52;8470.381;8
14;27;5691.505;4
14;4;4832.607;6
14;68;1850.163;4
15;64;3804.812;1
15;24;1320.773;2
15;37;714.279;1
16;48;6987.437;0
16;35;3449.24;3
16;14;1395.408;3
17;66;2461.143;6
17;40;6599.09;10
18;64;5821.225;9
18;4;7912.681;2
19;30;3926.418;6
19;10;88.76;1
19;35;2945.309;8
20;18;9285.705;5
20;26;1504.595;6
20;24;1192.771;6
20;7;5676.112;0
21;34;5987.907;7
21;69;8636.701;6
21;71;3731.741;8
21;66;1572.707;0
22;16;21.831;4
23;26;2869.233;2
23;59;710.499;3
23;46;2124.651;8
23;23;1667.315;10
24;38;3362.359;5
24;70;4795.755;1
24;55;155.055;2
25;45;7231.511;7
25;65;7166.866;9
25;26;426.747;1
26;41;5442.875;9
26;4;4440.035;5
26;9;1311.24;7
26;53;9562.678;7
27;66;6540.211;8
27;50;1384.594;0
27;30;1690.032;3
28;61;2866.055;2
28;5;9646.152;0
29;30;6846.249;5
29;33;3135.049;4
29;6;1034.891;1
30;15;2193.078;0
30;20;1896.177;2
31;58;6192.213;0
31;28;7627.273;3
32;17;723.587;4
32;22;8187.035;5
32;5;3668.545;3
33;66;7238.605;7
33;61;9828.049;9
34;2;1426.129;8
34;40;4401.266;7
34;25;237.697;7
35;20;2735.814;5
36;9;413.99;10
36;16;2286.562;5
36;32;9119.833;5
37;47;9619.118;3
37;70;9058.94;2
37;51;7327.104;2
37;3;2677.763;3
38;10;3243.327;3
38;45;4909.478;9
38;43;4491.617;3
39;25;1290.75;6
39;48;5850.956;7
39;56;5946.975;7
40;44;4301.306;3
40;68;2235.216;9
41;63;9250.15;6
42;1;5564.195;0
42;34;2635.26;5
42;65;4699.363;9
43;17;2407.566;9
44;29;8288.455;3
44;39;6643.204;8
44;5;2374.49;5
44;6;7193.378;1
45;4;9050.576;3
45;55;7564.187;2
46;32;501.908;2
47;33;8244.833;1
48;34;5555.015;5
48;57;4536.629;10
48;11;2208.066;8
48;71;4796.021;6
49;64;617.741;1
49;19;4602.321;0
49;26;4371.041;4
49;29;496.129;10
50;26;2044.782;7
50;1;7880.088;2
50;6;7521.089;7
51;30;4299.39;5
51;58;7100.468;10
51;72;711.373;3
51;39;4882.021;4
52;68;5171.456;2
53;61;4612.756;10
53;64;5928.162;2
53;28;5536.327;3
53;6;5668.341;8
54;41;2275.697;6
54;51;863.362;5
54;25;160.057;1
55;7;8439.467;2
55;58;8697.599;1
55;43;2566.332;10
55;4;9759.532;8
56;38;6073.747;4
57;67;6526.827;2
57;59;3631.991;2
58;19;8598.11;1
58;62;6740.552;2
58;49;1015.147;8
58;37;6004.791;10
59;42;4013.316;4
59;1;8923.387;7
59;16;4306.491;4
60;57;4134.836;2
61;51;7351.785;8
61;53;576.731;4
61;34;7680.966;4
61;49;7979.973;1
62;62;6611.299;7
62;66;2426.519;4
63;9;2279.273;1
63;45;424.612;5
63;5;2801.189;2
64;52;7629.632;4
65;72;882.052;2
65;51;5475.386;8
65;35;5569.177;3
65;49;7015.415;5
66;42;390.956;0
67;20;7560.338;8
68;43;1982.87;9
68;9;4213.785;8
69;41;5362.433;2
69;51;1343.198;2
69;9;8734.24;5
69;12;195.317;1
70;25;8552.981;6
71;24;9165.556;10
71;39;2760.147;4
72;25;6446.491;10
72;60;5025.203;1
73;72;8400.063;1
73;2;8793.687;7
73;32;7556.899;9
73;28;3935.571;2
74;44;762.701;7
74;40;7005.498;3
74;29;8643.905;5
75;19;8367.05;3
75;67;7516.413;0
76;53;5256.181;2
77;60;3938.752;10
77;46;4517.813;3
78;33;8990.924;3
79;40;8700.95;10
79;58;5188.773;4
80;70;5400.326;2
80;54;6782.54;8
81;10;7306.004;3
81;49;6827.372;1
82;42;2805.117;8
82;72;3757.428;6
82;47;4348.527;1
82;58;4414.484;3
83;32;7718.626;2
83;34;6291.836;0
84;7;1665.16;8
84;33;6163.152;8
84;38;924.226;5
85;65;3153.051;3
85;43;5563.034;3
85;53;4621.651;0
85;16;4255.373;8
86;67;4932.933;7
86;32;9817.646;9
86;33;3617.086;8
87;52;4579.2;9
87;39;9011.143;8
87;41;1105.262;8
87;4;7956.585;9
88;68;1931.171;1
88;26;1970.282;5
88;57;655.433;7
89;14;9629.065;9
89;64;7429.28;6
89;4;6469.713;3
90;20;7164.871;0
90;34;3778.666;1
90;1;6393.391;10
91;39;826.092;4
91;32;5098.811;5
92;58;6566.78;5
92;31;9018.831;2
92;3;1944.656;8
93;72;5405.208;9
94;28;8570.21;1
94;58;6514.455;1
95;3;8281.393;6
95;67;2876.961;7
95;24;3946.006;6
96;14;720.938;7
97;55;3249.899;1
97;21;6835.246;4
98;2;1931.632;9
98;52;5543.462;0
99;50;9209.104;3
100;34;9167.091;10
100;66;447.211;6
100;30;6557.866;5
100;58;8982.916;6
101;70;1769.14;6
101;62;4724.084;1
101;60;5487.544;3
102;55;3958.47;5
102;49;7017.562;9
102;1;6212.768;6
103;19;3305.364;9
103;6;6982.74;1
103;11;2989.377;0
104;9;4718.297;8
105;62;252.086;2
105;50;8213.194;4
105;8;8616.825;3
106;55;3984.962;10
106;39;3625.804;5
106;13;7326.439;8
107;67;8533.661;3
107;16;9736.621;7
107;51;7791.958;4
107;46;5003.098;6
108;10;1750.544;2
108;4;7825.387;0
109;27;5682.328;7
109;58;1148.509;6
109;7;4318.955;1
110;31;3951.752;0
110;47;6943.235;1
111;25;7864.338;9
111;42;9100.119;3
111;28;2874.927;10
112;5;116.799;10
112;8;4245.85;6
112;60;7659.959;1
113;65;2694.615;10
113;67;5211.557;0
113;58;5180.71;6
114;44;145.058;9
115;30;373.74;6
115;40;1263.432;8
115;28;8728.846;4
116;70;2030.102;4
117;7;9260.121;2
117;14;6232.374;2
117;62;7257.777;8
117;36;4465.783;3
118;2;6355.662;0
118;62;8295.308;9
119;64;6346.257;7
119;14;5197.476;3
120;27;8610.669;7
120;57;5862.454;2
121;46;5285.745;0
121;38;9626.711;6
121;23;5789.455;8
121;30;5303.545;1
122;12;3256.954;0
122;49;3095.867;6
122;68;7164.708;7
122;69;3589.581;1
123;28;1452.852;2
123;65;9155.511;6
123;30;2260.103;7
123;11;953.841;10
124;59;1182.742;2
124;63;3495.182;0
125;27;6578.2;8
125;20;1868.792;7
125;59;1670.131;6
125;47;687.619;5
126;70;8750.691;0
127;42;3011.99;6
127;17;4409.903;3
128;11;9578.689;9
128;2;3721.175;4
129;41;2656.443;1
130;9;3817.341;10
130;29;2983.478;10
131;19;6509.744;1
131;26;9684.253;8
132;27;1553.173;6
132;48;8479.901;0
132;21;4174.661;7
132;51;2449.328;6
133;14;1950.432;5
133;49;2977.156;5
133;64;3167.299;10
133;32;2976.701;9
134;38;6773.349;7
134;68;8102.459;10
134;59;5691.546;0
134;65;1192.756;4
135;26;1877.744;2
135;68;2919.031;8
135;25;3935.463;2
136;42;3650.701;2
137;43;6923.592;5
137;9;9491.126;8
137;34;2687.678;2
137;23;7682.754;10
138;58;7901.242;9
138;40;7873.135;6
138;52;6245.616;1
138;60;2872.033;8
139;14;3522.927;6
139;28;6499.026;5
139;3;2308.101;5
140;33;6364.687;4
140;21;6679.702;3
141;62;1879.729;1
141;15;9909.631;9
141;64;535.817;6
141;1;795.401;5
142;22;8222.123;5
142;18;2514.756;1
142;35;6086.352;9
142;19;8654.542;10
143;62;3367.598;7
144;32;6764.684;3
144;7;8190.22;3
144;1;9352.243;1
145;35;9977.633;3
145;45;686.136;4
145;63;7827.478;1
146;40;564.875;0
146;15;4931.006;4
147;55;2189.441;1
147;18;6480.49;9
147;59;8151.744;4
148;16;1157.53;6
148;18;8536.582;10
149;10;1360.426;2
149;51;8968.843;8
149;24;3091.479;0
149;26;827.199;5
150;29;983.601;9
150;31;5952.119;9
150;53;2711.634;4
150;48;724.49;1
151;6;3695.785;7
152;59;3182.523;0
152;17;8942.697;9
152;5;783.168;0
153;21;710.269;10
153;17;8478.345;6
153;26;2339.568;9
153;31;2316.402;3
154;56;3293.116;10
154;53;108.255;1
154;71;3764.535;10
154;54;5077.78;8
155;35;9915.067;10
155;43;8932.812;10
155;20;4605.028;4
155;28;3778.667;3
156;34;9907.486;5
156;31;9032.446;9
156;49;9357.17;9
157;53;4840.22;5
157;49;9892.928;9
157;65;5634.356;6
158;20;8218.815;0
159;35;9945.614;2
159;13;7313.704;10
160;25;1727.247;6
161;62;3671.612;4
161;49;2089.122;0
161;40;6927.827;6
161;20;8430.822;6
162;38;4722.528;5
163;36;8076.497;5
164;55;8296.43;2
164;7;7473.258;1
164;58;1468.886;10
165;2;8452.12;5
165;65;1621.773;7
166;6;3672.786;6
166;29;5162.521;7
167;8;6556.616;10
167;56;8448.186;1
167;51;8850.996;7
167;34;6370.08;0
168;49;5287.317;1
168;61;5052.32;1
169;41;6115.007;2
169;42;5357.244;5
169;26;8497.95;5
169;45;4069.279;1
170;51;7314.493;9
170;52;3101.912;5
170;47;1248.141;3
170;48;2462.821;3
171;39;7314.733;7
172;53;7049.114;10
173;5;9339.301;2
173;23;1189.535;10
173;46;298.267;9
173;28;5015.186;9
174;40;346.192;7
174;19;160.728;6
174;54;8860.002;2
175;47;1209.372;8
175;54;3664.323;7
175;44;4074.035;1
176;5;9279.783;7
176;49;3290.854;8
176;43;2528.96;3
177;33;2961.468;0
178;25;7555.721;7
178;59;4470.731;10
179;37;4352.985;0
180;58;6709.087;3
180;45;2427.745;7
180;2;4090.913;0
181;56;6981.339;8
181;22;3258.68;2
182;50;7402.327;2
182;64;8907.303;10
182;72;4363.059;8
183;8;9925.507;7
184;60;3778.267;0
184;54;4606.776;6
185;8;8045.999;7
185;32;7794.41;5
185;72;3320.725;3
185;19;2296.996;2
186;48;7518.046;3
186;8;8421.752;2
186;38;7691.63;7
186;71;5220.705;8
187;10;5822.613;4
187;47;4569.653;5
187;59;7094.509;5
187;67;5794.44;9
188;53;2383.695;6
188;60;9144.546;2
189;22;6077.395;6
189;57;7698.288;10
189;68;4890.616;5
190;58;3822.764;10
190;46;9781.559;2
190;42;7989.041;10
190;21;1718.353;1
191;56;4565.155;0
191;39;2123.334;4
191;25;1834.062;1
191;28;6797.101;6
192;33;777.266;2
193;18;5502.256;8
193;21;1198.709;6
193;48;2119.783;1
193;65;6981.335;3
194;26;1486.654;8
194;69;7327.568;2
195;57;7589.977;1
195;66;5563.957;1
195;3;9834.123;5
195;24;9018.273;1
196;38;8196.821;6
196;59;8673.894;8
196;61;8858.835;3
196;4;1126.835;5
197;61;3977.302;6
198;57;219.986;10
198;44;6686.162;1
199;24;2536.442;8
199;21;8651.888;6
199;38;754.603;2
200;65;169.431;3
200;12;6675.153;8
200;1;3812.866;8
200;21;8541.741;5
201;25;8432.589;9
201;6;677.474;7
201;65;8264.707;1
201;11;8816.788;6
202;59;3989.753;9
202;12;2056.87;7
202;65;5244.506;5
202;55;5369.317;9
203;9;63.053;3
203;3;9996.544;0
203;59;3960.5;5
204;11;6543.953;9
204;60;1598.481;1
205;65;4217.93;6
205;11;1840.115;0
205;56;7547.631;9
205;63;1253.924;4
206;20;7488.292;6
206;15;3234.924;8
207;72;3148.587;1
207;31;506.807;7
207;53;6453.993;1
207;41;6785.501;7
208;71;1630.557;10
209;68;3757.572;2
209;30;4399.064;0
210;3;1774.64;5
211;5;4313.133;4
211;23;9694.066;4
211;4;1721.491;10
211;27;129.846;6
212;25;1660.336;1
212;2;6702.38;9
213;17;5404.53;5
214;14;8062.242;6
214;62;2409.425;1
215;25;2439.325;3
216;31;5594.152;1
217;64;3128.215;0
217;52;6659.226;0
217;5;3277.383;5
218;59;4371.922;3
218;38;614.16;5
218;9;9231.509;2
219;34;2100.173;4
219;21;1111.503;3
220;54;9889.576;3
221;32;3252.058;10
222;48;3698.122;2
222;61;7617.236;2
222;58;2484.241;7
222;66;3877.639;8
223;5;5528.166;6
223;49;225.765;7
224;40;7031.938;6
224;62;5067.049;4
224;1;7426.485;7
224;3;4527.017;6
225;27;4572.857;2
225;72;7050.332;2
226;27;8399.634;0
227;40;9946.286;0
227;20;2281.765;6
227;56;8304.994;4
227;36;2699.329;6
228;16;4937.597;10
229;67;5901.876;5
229;9;7862.664;4
230;15;7808.299;5
230;54;4527.473;8
231;72;5834.602;4
231;67;3700.294;0
232;13;2231.955;9
232;32;3609.0;3
233;32;9935.393;10
233;58;5303.942;0
233;43;3121.305;7
234;33;8375.474;1
235;14;2057.742;8
236;67;4734.267;0
237;40;706.462;9
238;26;3145.427;3
238;2;3927.338;2
238;24;671.3;2
238;38;3469.556;3
239;24;3573.725;4
239;26;8824.181;5
239;58;9391.696;7
239;49;5178.941;8
240;14;4339.909;2
241;42;718.859;2
241;62;2953.218;10
241;67;7246.381;4
241;17;7539.655;1
242;49;8792.126;7
243;61;1593.259;8
243;47;8338.467;9
243;59;9694.753;7
244;11;8191.206;5
244;58;5608.847;9
245;33;7790.465;6
245;4;5704.05;1
246;5;2313.997;6
246;70;6664.576;1
246;64;5358.908;1
246;1;9029.053;3
247;4;6499.879;0
247;18;6123.062;8
247;49;1945.55;8
247;41;9582.902;7
248;56;3106.295;10
248;69;292.54;3
248;49;4965.833;4
248;40;4060.436;1
249;49;9295.904;2
249;21;5923.295;3
250;22;9030.02;8
251;1;7035.747;0
252;24;2863.489;0
253;45;2568.728;7
253;3;9710.809;2
253;32;2524.554;0
253;33;4604.798;10
254;31;1260.819;3
254;2;2377.786;2
255;58;9717.803;9
255;47;6699.567;9
256;66;2434.06;4
256;65;7012.297;9
256;68;2470.143;8
257;25;3951.651;0
257;39;2503.398;10
257;61;469.671;9
258;63;3373.756;6
258;44;4287.393;0
258;15;559.957;2
258;47;7552.803;7
259;29;2348.345;7
259;53;3617.344;3
259;62;9369.873;6
259;56;9829.791;4
260;17;3482.986;3
260;35;3476.886;2
260;30;4005.59;8
261;13;9081.622;9
261;40;1521.241;2
261;4;1391.041;1
262;20;5402.962;10
262;30;1536.586;10
262;43;1055.343;8
262;32;5317.929;0
263;52;3279.967;10
264;34;5010.299;7
264;59;3695.337;9
265;43;949.02;7
266;11;5515.306;1
266;52;5752.546;6
267;53;3116.391;7
267;3;4351.414;1
267;67;8685.546;0
267;52;6161.671;2
268;27;6236.696;10
269;69;9431.465;9
269;24;7204.023;2
269;21;771.212;2
270;36;7201.519;6
270;57;2733.881;4
271;32;1167.79;3
271;29;6657.713;5
271;26;9960.703;7
272;49;1187.821;7
272;21;2005.417;4
272;63;4049.425;2
272;7;9489.709;1
273;12;1578.6;4
273;67;1230.849;9
273;3;9698.452;5
273;36;7336.544;2
274;43;7829.377;5
274;47;5702.107;9
274;68;189.801;0
275;48;5521.458;0
275;39;6527.077;8
276;62;3190.306;10
277;66;9078.753;6
277;49;93.72;9
277;62;5860.692;2
278;39;9787.762;3
278;46;6141.555;5
278;5;2998.659;7
279;22;890.381;9
279;15;1602.263;5
279;55;1083.831;4
280;27;54.165;7
280;41;4062.644;0
280;31;7828.885;0
281;61;1408.359;8
281;32;8088.554;3
281;48;779.925;4
282;39;3203.332;7
282;13;4334.6;4
282;15;74.456;1
283;33;9371.401;10
283;43;9937.28;6
283;57;8709.251;9
283;37;8455.231;2
284;46;9914.272;10
284;15;8403.749;1
284;14;9095.888;4
285;18;685.085;4
286;38;7902.424;7
287;18;935.793;4
287;7;5055.227;2
287;30;1236.512;5
287;39;7157.612;0
288;3;3957.705;7
288;31;2174.087;0
288;72;1489.861;10
289;22;6229.121;10
289;23;7322.456;4
290;71;3499.563;8
290;21;6658.573;10
291;51;2996.935;6
291;2;5091.757;5
292;36;3975.522;6
293;2;5779.61;2
293;25;1406.45;10
293;61;9159.217;2
294;63;410.174;8
294;46;3682.896;8
295;41;9572.003;4
295;8;1262.934;10
296;54;2067.861;2
296;69;6307.388;0
297;51;7277.926;4
297;72;8293.408;8
298;54;6290.857;1
299;51;537.022;4
299;50;6469.724;2
299;65;2864.656;0
299;57;925.003;10
300;51;4523.319;5
300;44;5846.951;0
300;1;4135.672;5
301;13;8787.299;5
302;62;5420.458;1
302;27;2341.788;5
303;16;2433.015;6
303;46;8609.167;4
304;2;2127.967;5
305;57;8795.744;10
305;49;2137.815;10
305;56;2757.605;9
305;26;795.701;7
306;27;9718.92;4
306;52;6110.287;6
307;56;2812.856;4
307;50;1337.07;4
307;16;5299.645;6
308;28;2599.414;6
308;30;5709.717;10
309;61;3576.737;2
309;31;2428.628;3
309;71;200.005;0
310;72;4874.539;1
310;32;2815.229;9
311;16;7457.611;8
311;52;1601.452;6
312;20;6868.144;1
313;53;5414.119;9
313;41;9922.703;5
313;63;6631.168;8
313;39;2409.017;7
314;31;8792.496;4
314;21;4684.27;10
314;25;8070.807;10
314;32;7649.626;2
315;35;649.421;10
315;14;4963.623;0
316;68;5313.968;5
316;61;8033.919;2
317;66;6886.227;10
317;51;2409.965;2
318;29;4531.439;7
319;6;6648.431;8
319;51;8949.562;7
319;52;8663.706;1
319;50;2914.681;8
320;2;3795.44;6
321;40;4491.143;9
321;38;5050.965;4
321;72;6892.3;3
321;25;2688.825;1
322;54;5093.491;1
322;1;6517.376;2
322;25;1489.309;4
322;67;3398.165;7
323;1;729.06;7
323;14;2600.072;2
323;24;6422.627;1
324;17;3639.672;9
324;18;8968.784;5
324;56;5275.358;4
324;30;8752.668;4
325;42;4506.478;5
326;72;7381.983;5
326;71;717.025;5
326;7;9613.238;9
326;50;7706.149;4
327;70;4980.775;5
328;24;5289.058;6
328;66;3080.878;10
328;72;3187.055;2
329;68;3539.113;10
329;15;239.468;4
329;18;1716.43;5
329;10;287.111;8
330;59;5890.49;10
330;46;3315.655;8
330;40;1973.105;6
330;20;5401.54;7
331;47;6833.287;8
331;36;1307.701;9
331;63;5207.207;6
332;37;6879.497;2
332;64;3553.335;0
333;55;5027.049;7
333;40;9345.544;9
334;47;8086.641;6
334;61;9154.118;2
334;16;7038.79;4
334;71;4907.013;0
335;41;9262.163;0
336;70;5572.264;5
336;17;1301.677;7
337;26;8204.994;5
337;52;2229.54;8
337;42;6943.053;0
338;2;4520.575;6
338;50;1580.591;1
338;7;7141.833;3
338;35;4882.439;8
339;50;7981.303;5
340;52;2388.14;5
340;46;7301.829;2
341;40;1158.654;9
341;12;1837.732;1
341;49;5543.037;7
341;13;7221.408;2
342;14;7521.658;9
342;32;1893.422;0
343;63;9413.387;0
343;12;5238.148;3
343;35;764.535;6
344;47;1026.405;3
344;22;1897.894;2
344;20;3747.329;10
345;58;1959.904;2
345;3;3155.603;1
345;20;6690.049;5
345;8;7682.139;7
346;70;4705.236;7
347;36;7790.383;8
348;31;984.642;1
349;72;7192.543;5
349;9;6644.548;3
349;23;396.757;9
349;17;9118.64;4
350;15;3751.178;1
350;46;3207.161;5
351;60;6914.69;0
352;7;2849.444;9
353;58;5977.85;10
353;14;2136.334;7
353;69;3567.201;4
354;61;4910.061;3
354;54;983.538;2
354;46;6100.903;1
354;44;4890.419;2
355;11;5265.492;1
355;17;7688.549;7
356;13;9991.548;2
356;38;4663.151;2
356;57;8728.621;7
356;35;2595.316;0
357;72;6558.912;9
357;63;3893.524;5
358;32;2205.369;8
358;20;1003.672;7
358;19;841.997;4
359;61;9027.909;8
359;57;7101.43;4
359;20;8687.316;8
360;5;7932.94;9
360;37;7296.089;6
361;39;1324.6;7
361;48;9491.138;0
361;5;4612.012;6
362;7;4993.4;5
362;16;7975.036;7
363;17;6795.731;8
363;39;7950.814;3
364;61;9853.31;5
364;28;4411.502;6
365;61;2255.305;2
365;60;5071.681;1
365;62;5868.144;4
365;40;3749.717;7
366;66;4553.783;10
367;4;6736.35;6
367;71;9655.802;4
368;48;6238.19;4
369;45;9390.911;3
369;29;7412.311;1
370;61;2455.325;7
370;25;119.336;3
371;67;7152.301;0
371;60;4751.467;3
371;12;9446.985;9
371;44;9379.851;3
372;38;4532.811;5
373;11;885.103;6
374;57;4203.978;7
374;10;8680.743;8
374;19;1829.266;8
375;66;9260.486;6
376;5;5022.329;5
376;40;8416.522;6
376;55;3419.022;8
376;57;9754.976;3
377;49;8239.189;5
377;47;4647.386;5
377;55;5700.063;3
378;32;6672.511;0
378;38;3462.404;7
378;69;3595.503;8
378;3;4351.675;3
379;65;1113.114;4
379;6;1837.102;5
379;16;1794.49;1
379;34;8120.166;2
380;7;5847.84;2
380;56;2293.159;4
380;47;7879.374;9
380;59;7246.421;0
381;15;761.866;6
381;6;5849.903;8
381;63;4784.251;5
382;72;5886.303;8
382;24;1057.423;8
382;59;9051.843;10
383;32;179.373;8
383;40;7839.417;5
384;38;7575.93;1
384;42;710.311;10
385;3;5556.165;5
385;32;1958.257;8
385;40;8930.754;0
386;61;1771.558;3
386;59;4284.966;2
387;8;7584.065;10
388;19;7417.38;2
389;35;5186.367;10
389;30;8072.759;9
389;9;1489.999;3
389;21;1013.179;3
390;11;6330.52;7
390;53;5700.418;9
390;35;9759.174;7
391;31;739.018;2
391;46;9054.824;4
392;55;1652.047;0
392;30;7906.219;4
393;38;8575.943;2
394;59;9155.041;6
394;20;7629.742;1
394;39;9862.574;9
395;8;9384.795;3
395;7;2248.095;5
395;56;7415.557;4
395;23;1419.26;2
396;9;8536.95;7
397;65;6582.12;8
397;20;2878.182;8
398;28;5907.433;9
398;45;5808.141;2
399;38;3016.726;8
399;51;467.937;1
399;54;2108.035;2
399;68;6073.121;4
400;62;2402.922;5
400;46;7739.807;3
401;26;7331.808;0
401;50;9557.648;8
401;22;1322.139;4
402;24;8750.802;1
402;46;7446.253;3
403;5;7896.497;3
404;23;2738.754;8
404;32;6809.869;4
405;1;4641.387;10
406;50;5327.22;8
407;27;9870.015;7
407;37;4728.261;0
407;57;6981.133;3
407;59;4127.036;5
408;55;2069.106;0
408;30;7360.2;4
409;27;9524.102;6
409;44;6370.907;6
409;35;7986.475;2
410;5;2562.17;7
410;19;5376.843;4
410;24;4661.885;6
411;16;65.462;4
412;38;9336.904;2
413;15;1235.818;8
413;19;767.31;0
413;37;9789.881;9
414;43;5924.758;3
414;18;392.352;0
414;71;6615.745;4
414;19;9419.318;10
415;72;5421.711;10
415;59;5860.239;1
415;22;7321.297;1
416;14;8414.49;5
416;32;5065.093;3
416;26;8654.711;4
416;10;7923.236;5
417;18;4098.41;6
417;58;8776.508;9
418;27;1164.886;3
418;42;161.797;3
418;28;1605.073;3
418;72;6810.306;2
419;5;4584.63;7
419;51;8685.763;0
420;69;8957.325;8
420;62;588.37;2
420;72;8897.284;8
421;68;1756.77;8
422;23;6282.914;6
422;30;4276.448;7
422;2;4308.758;2
423;6;7464.546;5
423;68;3936.775;1
423;65;2309.53;8
424;41;9757.88;1
424;14;7874.42;1
424;38;7903.435;3
425;71;1229.194;2
425;7;2502.279;9
425;15;2634.813;8
425;69;4741.772;10
426;20;131.24;4
427;65;2217.544;4
428;50;5798.876;1
428;43;2109.979;3
428;40;5335.282;3
428;20;2260.239;8
429;71;6719.551;4
429;58;6921.128;2
429;4;5935.687;1
430;7;9247.671;2
431;15;4666.996;7
431;56;8539.044;1
431;70;3425.122;8
432;26;2047.192;10
432;14;7612.452;6
432;48;1197.232;10
433;20;8083.93;2
433;71;5265.66;5
433;64;6916.194;3
433;3;386.315;3
434;22;8024.293;4
434;52;9092.144;3
434;53;1745.621;3
435;47;5426.644;3
435;42;3284.759;0
436;31;1257.905;8
436;21;7752.926;2
436;63;9918.264;10
436;61;3913.487;0
437;10;3107.223;2
438;63;9800.196;0
438;34;9315.939;0
438;59;6884.012;6
438;61;6602.744;5
439;14;67.201;6
440;58;7367.992;2
441;67;6434.388;6
442;5;4498.883;7
442;30;1462.152;8
442;71;5842.28;10
442;18;4497.279;8
443;31;6885.238;10
443;60;9386.521;4
444;69;2287.777;6
444;11;6008.622;4
444;38;4554.596;2
445;31;5081.248;4
445;44;3521.973;2
445;72;975.931;1
446;1;7157.357;1
446;64;3353.241;10
447;36;65.25;6
447;70;978.07;3
448;11;4803.952;6
448;64;1118.999;5
448;41;4547.627;3
448;12;8309.505;9
449;65;3973.331;4
449;60;7320.072;7
449;28;5012.24;4
450;40;6485.724;8
450;53;9859.011;6
451;25;6667.503;10
451;40;6156.396;10
451;69;447.271;2
451;42;2638.584;5
452;2;3965.384;10
452;34;3993.034;10
452;11;2834.859;1
452;55;7547.445;8
453;4;917.236;2
453;69;4287.425;9
454;59;3760.807;8
454;71;3174.005;1
454;21;944.566;1
455;54;2696.69;10
455;27;1302.358;3
455;66;9815.878;3
455;46;4681.919;10
456;19;2717.074;8
456;12;2650.484;6
456;22;5272.271;7
456;10;2776.147;6
457;8;8933.707;3
458;21;1751.141;7
458;3;1660.672;9
458;19;9091.519;3
458;53;6811.291;10
459;9;148.868;9
460;37;9145.91;8
460;15;1806.387;10
460;16;152.48;8
461;43;8503.417;5
461;60;2313.191;8
461;71;1047.56;3
461;18;2997.14;3
462;58;6562.193;5
462;21;5665.373;4
462;29;3955.905;8
462;70;1980.098;8
463;16;1717.404;7
463;12;301.372;5
463;14;3586.722;7
463;24;1781.896;0
464;63;5780.533;9
464;45;3820.071;9
465;56;6057.364;2
465;16;2238.007;2
466;41;461.016;6
466;54;4859.433;10
467;19;2747.574;4
467;57;9981.966;2
467;65;3775.439;5
467;33;607.077;1
468;55;2716.257;9
468;23;867.489;5
469;57;5035.526;2
469;51;7436.517;0
469;40;1798.254;4
470;20;8429.336;2
470;47;4265.343;6
470;22;3933.28;6
471;39;2728.634;3
472;50;4142.816;3
472;57;624.358;5
472;44;437.648;9
472;13;5855.443;5
473;21;4861.689;1
473;10;6722.201;7
474;56;7037.12;6
475;71;1995.501;7
475;31;8672.532;5
475;9;6583.628;8
476;22;389.594;3
476;13;128.561;4
476;41;2341.598;5
476;32;7217.786;1
477;29;4706.462;3
477;72;1023.39;5
477;34;6385.904;3
477;14;1735.362;10
478;17;4162.112;8
478;3;943.292;3
479;14;3903.25;2
479;60;2174.029;6
479;3;944.118;3
479;43;5377.102;0
480;51;3922.09;7
480;26;3464.163;10
480;27;9834.337;9
480;25;1256.336;0
481;42;8496.098;6
481;51;383.399;5
481;41;28.282;9
481;30;9231.736;5
482;60;6735.696;2
482;58;6106.017;5
483;62;6289.267;9
484;16;6277.774;4
484;36;3749.46;10
484;44;5936.296;7
484;27;9209.855;7
485;42;3606.778;6
485;26;1005.526;5
485;25;271.944;1
485;63;8510.215;9
486;23;4647.937;6
486;4;6778.287;4
486;18;4951.56;0
487;39;7523.555;6
487;71;8780.445;8
488;24;1127.713;9
488;56;1737.539;0
489;33;4438.866;1
489;58;7487.184;5
489;49;4713.148;3
489;41;9534.251;3
490;29;1184.357;2
491;51;9635.035;2
491;2;9332.576;6
491;70;1792.081;0
491;27;5221.834;5
492;47;717.039;6
492;43;9629.539;0
492;5;968.716;6
493;62;8189.72;9
493;41;520.688;7
494;1;9390.233;10
494;19;8356.057;10
494;4;6447.142;4
494;3;666.989;6
495;32;9170.508;8
495;63;1804.013;0
495;68;652.576;2
495;58;6848.492;5
496;51;5822.493;1
497;59;6854.766;5
497;1;5065.54;9
498;59;6722.447;10
498;47;4954.905;6
499;10;2675.657;10
500;58;8170.402;2
500;70;9664.549;4
500;6;8959.818;3
501;11;6894.664;4
501;21;748.494;5
501;56;8828.609;4
501;20;5075.246;0
502;58;129.91;2
502;13;6308.906;3
502;26;2971.449;10
503;14;5790.738;3
503;24;6507.983;5
504;21;2939.642;9
505;69;3593.565;7
506;35;9713.051;0
507;13;9259.318;2
507;52;1360.669;5
508;24;1275.826;1
508;20;2560.051;5
508;2;3551.116;6
509;26;2899.492;5
509;44;3876.824;0
510;38;1317.87;6
510;54;3274.751;10
510;4;2202.449;10
511;5;865.549;2
511;22;1968.854;6
511;7;2380.524;3
511;10;4860.851;5
512;3;232.114;1
512;32;3379.111;0
512;1;4965.011;5
512;41;8568.839;5
513;41;8411.174;3
513;27;9691.191;7
514;16;1595.394;9
514;43;8351.499;0
515;65;5344.642;3
515;47;4311.491;10
515;68;3181.565;0
515;14;4013.811;3
516;71;3947.224;5
516;9;8950.723;3
516;2;1992.979;3
516;24;8823.185;1
517;36;5199.425;2
517;12;6806.08;4
517;59;8869.675;9
517;38;493.934;1
518;71;9137.994;2
518;2;2848.247;3
519;69;6891.94;0
519;44;5091.725;5
519;24;9731.257;7
519;38;9985.078;5
520;1;5472.831;8
520;70;991.997;9
521;14;7744.22;3
521;36;8067.749;7
521;38;4777.044;3
521;5;3594.27;10
522;18;5314.247;5
523;21;8438.238;7
524;23;8469.091;4
524;16;1342.988;8
525;28;9247.653;3
526;16;2498.37;5
527;45;337.92;1
528;46;2983.268;6
528;14;2262.787;2
528;56;2657.102;4
529;58;8176.168;9
529;54;5242.204;10
529;26;6361.419;5
529;30;1812.216;10
530;32;6222.979;9
530;2;453.501;7
530;67;7742.65;10
531;65;9138.566;2
531;19;5203.05;0
531;71;9511.925;8
531;64;2261.289;8
532;70;2119.827;8
532;54;1234.591;2
533;53;8703.346;3
533;69;304.469;5
533;39;4978.501;9
533;49;6534.099;2
534;69;9275.182;2
534;30;2458.726;1
535;4;4135.756;1
535;16;822.144;9
535;46;1507.052;8
535;25;5772.898;10
536;7;1595.209;4
536;33;7554.091;0
536;72;6293.308;9
536;11;4469.872;1
537;61;4686.806;1
537;32;3036.482;0
537;7;7672.208;2
537;20;2647.129;6
538;67;3188.048;10
538;48;6492.196;2
539;60;6400.978;3
539;69;152.32;3
539;22;4177.853;7
540;16;282.416;1
540;70;3287.968;10
541;59;4163.92;0
542;64;6732.777;10
542;67;8020.092;9
542;30;7905.781;4
542;20;574.702;10
543;1;1492.419;6
543;34;975.19;8
544;11;2977.509;10
544;14;5464.069;4
545;55;6634.465;8
545;57;8510.486;2
545;14;8333.286;2
545;17;402.251;10
546;34;4512.761;6
546;36;5187.802;3
546;70;9136.996;10
547;45;6707.26;5
547;16;9221.591;8
548;71;6719.049;10
548;4;8264.42;6
548;16;9979.352;0
548;15;7016.136;7
549;30;3310.399;4
549;14;8628.077;9
549;34;5687.983;0
550;29;9166.081;8
550;10;7549.799;6
551;38;6405.416;3
551;49;3787.502;4
551;42;3519.185;6
551;52;9493.298;1
552;43;7914.337;9
553;54;6515.278;0
553;5;9636.114;3
554;48;9207.151;0
554;63;1616.104;7
554;43;2180.427;9
554;49;812.044;0
555;30;4261.74;1
555;6;5408.565;9
555;11;6533.489;0
556;50;8231.028;1
557;25;3108.31;1
557;7;1903.074;0
557;24;1898.072;4
557;36;2945.028;3
558;66;8703.435;4
559;32;2684.732;3
560;34;2888.995;2
560;27;777.255;6
560;2;784.259;5
560;11;2901.772;0
561;70;1329.74;6
561;37;6287.479;5
561;42;6353.558;9
562;26;4088.767;6
563;42;1122.902;2
563;71;2572.915;8
563;28;5185.116;10
564;50;4971.765;10
564;63;8406.188;4
565;36;9758.05;3
565;34;5344.047;4
565;52;294.917;10
565;26;9877.827;0
566;55;9845.288;1
566;30;3009.656;3
566;64;3524.7;1
566;66;1145.886;4
567;54;4984.346;10
568;13;7695.87;9
568;10;4382.614;2
568;50;2829.489;3
568;67;3266.401;4
569;71;5063.578;6
569;65;6178.946;5
569;36;2472.122;0
570;63;2770.618;7
570;53;4138.905;2
570;66;6765.276;0
570;22;7892.643;3
571;25;7646.153;10
572;64;3849.663;4
572;19;1578.05;4
573;51;6105.644;4
573;71;9053.152;9
573;54;1547.898;2
573;23;2057.154;7
574;38;2204.881;8
574;30;7164.503;1
574;36;3017.541;7
575;64;7848.224;2
575;67;9234.476;4
575;5;5734.589;9
575;65;9346.904;10
576;12;5082.558;6
577;29;4366.464;4
577;43;993.941;10
577;71;2199.745;3
578;38;6002.622;6
579;29;7836.586;1
579;8;443.517;4
580;17;8227.52;9
580;9;5442.796;3
580;12;2504.942;5
581;20;554.084;3
582;10;9031.35;4
582;49;2549.613;1
583;61;4702.943;8
584;16;4536.034;3
584;30;1244.887;8
584;14;7274.737;1
584;56;1558.805;0
585;66;4792.678;2
585;9;3286.791;8
585;34;996.169;5
585;55;4354.158;4
586;70;2561.778;9
586;9;5901.634;7
587;14;7150.262;6
587;30;5279.428;4
588;13;3145.295;0
588;71;6618.699;8
588;62;8041.058;1
588;25;8065.607;6
589;9;5800.439;1
589;26;8049.709;10
590;32;8995.58;6
590;43;416.949;3
591;64;7117.885;10
592;53;6042.149;6
593;68;2055.42;4
594;54;9245.646;3
594;17;1116.453;6
594;21;9862.395;6
595;48;6474.984;1
595;38;4625.197;0
595;27;2769.911;3
596;65;6534.521;10
596;35;2847.195;3
596;50;6737.42;4
596;70;2117.148;6
597;3;6197.632;9
598;65;5842.164;3
598;16;9222.31;10
598;47;9233.82;5
598;57;2601.662;4
599;4;3896.846;7
599;7;3723.461;5
600;68;9002.322;9
600;46;9012.354;6
600;26;6231.854;5
601;63;9389.261;8
601;44;9383.952;0
602;24;4343.971;1
602;63;3621.365;7
603;39;7393.509;8
603;55;286.535;9
604;4;8462.858;2
604;28;2599.519;8
604;12;8552.724;5
605;64;7258.063;5
605;57;9127.645;1
605;30;3228.88;2
605;53;5231.293;0
606;52;461.891;6
607;57;6468.242;10
608;46;8003.282;8
608;41;5118.811;5
608;70;1279.581;6
608;8;3800.376;5
609;22;1819.656;2
609;11;8095.633;5
609;19;7712.155;0
609;72;4131.481;0
610;72;327.084;3
610;31;9050.351;9
610;10;5876.837;2
611;35;1452.721;0
612;30;6062.796;4
613;30;9138.845;6
613;10;873.513;3
613;44;7976.195;2
613;41;2602.599;8
614;71;4862.828;9
614;2;3184.638;2
614;53;9661.352;8
614;61;9317.516;3
615;5;3104.78;9
615;12;2707.1;7
615;63;5749.198;7
615;52;3941.468;9
616;25;2475.06;2
616;15;9958.069;1
616;19;285.446;0
616;23;3703.489;5
617;44;9814.391;8
618;53;5808.03;4
618;13;1847.737;0
619;44;5114.965;7
619;20;5011.302;7
619;51;5909.545;9
619;61;3637.866;4
620;57;4923.648;10
620;50;9364.376;9
620;24;4430.187;0
620;22;3418.996;4
621;33;8557.581;5
622;34;2719.915;10
622;72;3717.157;4
623;9;6874.51;7
623;65;4375.555;5
623;41;9767.362;7
623;55;8709.606;10
624;60;2593.624;7
625;3;285.79;10
625;8;3939.42;9
625;46;2464.091;1
625;12;5382.952;10
626;42;5128.787;2
627;49;2050.772;9
628;19;6029.606;3
628;41;9151.962;0
628;36;3633.471;1
629;28;8992.439;6
629;2;4243.377;6
629;62;2301.567;8
630;49;499.7;0
630;60;6487.89;7
631;41;6227.557;10
632;1;7875.395;7
632;49;8778.57;7
632;18;5701.476;4
633;54;7753.092;1
633;18;2891.83;10
633;48;9606.573;1
634;11;8297.452;4
634;8;437.008;6
634;13;9835.098;3
635;13;2381.718;6
635;57;1698.927;8
635;28;189.424;6
636;18;6424.077;10
637;12;1634.776;0
638;20;604.477;9
639;21;7548.567;7
639;31;7574.213;8
639;36;4332.554;7
639;53;6159.135;3
640;14;3245.634;2
640;69;1102.495;2
640;65;5090.776;0
640;1;1575.665;9
641;1;6176.439;10
641;11;9484.593;1
642;68;1499.384;1
642;17;6019.155;0
642;34;9512.454;4
643;6;5050.457;7
643;24;963.281;2
643;20;7890.033;6
644;62;6504.741;1
644;63;1146.052;6
644;23;7045.356;4
645;62;2452.358;2
645;1;9200.331;7
646;4;1706.366;5
647;8;3428.372;3
648;3;2365.593;7
648;31;6775.12;2
648;57;685.801;9
648;8;8745.092;5
649;23;8438.817;4
649;17;2238.625;5
649;46;6669.486;10
649;14;2489.379;9
650;22;2136.539;6
650;25;3943.773;2
651;55;5891.371;6
652;22;962.511;10
652;38;2234.73;2
652;29;8911.751;9
652;60;1202.093;2
653;21;7009.882;5
653;49;1687.224;2
653;41;5207.874;6
654;60;96.286;9
654;22;5451.817;5
655;44;5822.979;10
655;54;6297.723;3
656;14;5470.37;9
656;29;8576.32;7
656;62;5150.188;9
657;5;6462.269;0
657;16;437.855;1
657;32;4181.493;1
658;39;3060.543;5
658;26;9796.572;1
658;36;6643.131;8
658;29;8937.69;10
659;58;3824.218;1
660;17;4248.898;6
660;3;6074.975;10
660;9;1584.787;2
660;39;9786.956;5
661;31;5353.876;9
661;35;1026.375;4
661;24;8785.521;4
661;70;6304.688;1
662;35;9391.635;8
662;53;6700.039;3
662;49;6740.343;5
663;59;1597.148;5
663;60;1672.282;6
664;65;8488.435;6
664;43;4905.33;0
664;19;6180.824;9
665;54;8550.084;6
665;18;6833.353;4
665;13;6386.369;8
665;46;8844.388;8
666;29;7203.639;9
667;65;7346.625;0
667;54;5114.511;10
668;2;898.697;1
668;25;7722.759;8
669;2;23.542;3
669;47;6432.1;7
670;22;2333.25;7
670;24;2067.129;2
670;56;9000.619;2
670;51;7319.067;3
671;20;610.01;1
671;30;7415.111;7
671;21;4537.539;8
671;43;2480.934;10
672;6;1545.359;4
672;4;9957.291;8
673;49;6436.511;4
674;54;68.153;4
674;5;1405.799;6
675;41;4388.472;7
675;51;1780.261;4
676;33;4373.845;6
676;15;8458.323;2
676;36;8547.269;10
677;69;2289.997;1
677;16;9986.875;0
677;65;478.771;0
677;71;833.364;9
678;8;352.972;3
679;13;7641.129;4
679;71;5611.373;1
680;72;7042.581;7
681;61;2463.152;0
681;22;4830.236;7
682;23;9838.493;10
682;72;1676.02;7
682;30;8877.753;4
683;46;6365.527;8
683;64;938.202;7
683;42;7427.905;8
684;28;5493.166;3
684;62;7703.706;2
685;24;2345.445;7
685;13;2637.637;8
685;4;77.44;0
685;12;9543.447;0
686;13;7068.774;0
686;72;9552.076;4
686;71;9315.88;2
686;64;1610.952;9
687;21;2640.157;7
688;19;166.098;7
688;25;274.09;3
688;58;5280.043;10
689;4;8048.583;9
690;42;5835.531;9
691;61;8043.076;10
691;12;3545.028;0
691;23;4211.608;3
691;31;5668.731;7
692;2;2513.874;3
692;71;3289.296;0
692;37;1331.55;9
693;32;5445.681;5
693;12;5975.545;4
693;30;5760.026;0
694;25;1855.187;2
694;6;1740.608;6
695;70;5073.644;9
695;32;179.428;3
696;65;7316.183;8
696;24;4253.948;0
696;61;4232.893;8
696;54;7158.577;1
697;16;7570.248;7
697;47;2349.723;1
698;59;9438.857;0
699;58;5343.212;10
700;60;1294.252;0
700;20;5602.401;6
700;19;4203.9;9
700;69;9692.929;9
701;68;7002.435;5
701;23;3106.029;8
701;24;5353.514;1
701;44;1626.982;2
702;5;7131.823;4
702;19;2501.222;10
702;60;6477.826;2
703;26;9955.413;5
704;25;4595.165;2
704;30;3953.622;2
704;19;5784.148;6
705;69;8894.385;9
705;63;2484.371;4
705;24;9578.868;7
706;57;1115.346;2
706;43;2392.997;6
706;19;3116.997;6
707;43;1005.767;3
707;58;4336.274;3
707;9;385.451;4
708;43;5888.523;0
708;1;6473.545;3
709;68;3541.493;10
709;31;2304.524;3
709;60;7054.468;1
710;55;3915.904;2
710;2;4648.809;4
711;26;1809.83;9
711;48;8669.659;2
711;25;7144.446;9
711;12;6809.507;2
712;67;4948.037;1
712;14;1611.941;4
712;24;4463.357;9
712;40;7445.893;6
713;4;1849.811;0
714;6;1840.335;0
714;13;6418.785;2
714;17;1685.259;5
714;72;8096.119;8
715;21;8742.159;10
715;33;3950.759;8
715;20;8133.295;3
715;56;6075.918;8
716;66;7813.392;2
716;19;2977.782;6
716;43;7010.841;9
716;55;4778.776;9
717;62;436.356;10
717;64;7709.305;6
718;72;8253.02;3
718;70;2298.549;5
718;71;6073.104;8
718;60;7418.791;3
719;56;4544.286;8
719;57;2455.611;8
719;14;8822.643;6
720;28;9391.796;1
721;3;5484.032;8
721;70;1236.544;3
722;26;9700.4;2
722;16;4893.031;7
722;61;9733.185;2
723;54;5902.266;10
723;44;5563.289;5
724;60;9109.06;6
724;13;9332.484;8
725;66;3657.508;3
726;46;3234.139;7
726;19;8616.351;5
727;63;7587.732;6
727;40;9057.475;3
727;10;2431.398;9
728;5;7231.54;6
728;27;6774.347;6
729;51;3658.259;7
729;21;9017.994;8
729;22;3728.455;8
730;19;1285.209;9
731;37;6874.631;1
732;46;1870.93;6
732;63;6071.455;2
733;12;1482.191;10
734;15;2056.156;2
735;50;242.418;9
735;63;3360.459;9
735;47;8876.718;0
735;45;523.588;9
736;44;5752.214;3
736;39;4412.047;0
737;10;7366.9;3
737;37;5345.404;8
737;69;6557.749;3
737;29;662.086;6
738;19;993.35;2
739;16;5656.491;5
739;11;3610.011;2
739;61;3324.562;10
740;5;1698.246;9
740;51;9643.42;2
740;59;1037.484;10
741;15;1672.979;9
741;12;6436.259;8
741;60;5897.267;3
741;71;9712.645;7
742;71;8004.414;9
742;39;877.209;4
743;38;2197.406;10
744;53;1471.992;5
745;56;1175.993;10
745;55;8602.378;9
745;19;7786.788;2
745;18;173.581;8
746;58;7625.927;8
747;8;1003.514;7
747;29;1403.769;2
747;31;135.367;7
747;7;5091.349;6
748;41;8194.198;4
748;60;1602.212;7
748;29;8590.133;3
748;34;870.861;7
749;65;3697.211;8
749;62;1439.29;1
749;60;6538.346;4
750;42;3790.94;8
750;24;6710.474;8
751;53;1871.846;1
751;14;7159.772;7
751;20;2846.485;3
752;13;2526.051;0
752;66;1775.972;10
752;42;747.97;1
753;24;5359.794;6
753;4;6581.322;8
753;60;5426.283;4
753;41;3530.366;4
754;53;6781.19;10
754;72;521.561;0
754;37;2374.067;10
755;36;9316.072;4
756;61;6995.858;8
757;38;612.076;8
758;66;321.804;0
758;47;8223.373;7
759;8;1734.594;6
759;30;2500.853;0
760;22;9618.86;1
760;59;5743.342;6
760;33;1698.077;10
761;42;4569.38;3
761;9;9061.302;2
762;45;6007.888;0
763;67;3071.306;3
763;8;8040.186;1
763;22;4715.298;10
764;68;2412.76;4
764;65;5579.465;2
764;63;3775.226;1
765;12;3485.591;3
765;51;1894.879;10
766;2;7896.589;7
766;45;2795.089;4
766;41;5928.667;1
766;10;8301.222;8
767;63;1408.974;8
767;26;4487.914;2
767;65;409.338;4
768;13;6364.628;7
768;43;5295.215;2
768;10;9731.909;7
769;5;4122.096;7
769;45;1735.674;2
770;68;2505.868;9
771;15;1746.306;6
772;13;6470.666;10
773;65;6311.83;5
773;56;128.329;6
773;6;4361.505;5
773;25;4336.531;5
774;23;3747.362;2
775;38;5686.55;5
775;36;7613.995;9
775;43;332.486;9
776;71;7217.511;3
776;15;5368.159;0
776;28;7033.582;6
777;17;1942.442;5
777;22;9998.895;3
778;32;4657.817;9
778;42;9272.459;8
779;66;7254.021;9
779;67;7216.557;6
779;3;8144.247;10
779;48;7872.586;8
780;17;482.549;8
781;5;5790.045;9
782;26;999.735;8
782;49;12.613;2
782;41;2266.969;10
783;28;2858.177;0
783;14;9101.375;0
783;37;7828.151;9
783;72;2410.889;6
784;18;2403.974;7
785;69;1342.887;7
785;32;9967.876;2
785;6;6903.465;5
785;68;2939.978;8
786;54;6494.103;1
786;10;5916.599;1
787;24;8727.342;10
787;10;9233.276;6
788;24;4361.079;10
788;45;6780.843;8
789;46;5026.585;1
789;64;2559.962;9
789;36;815.522;5
789;20;5178.286;5
790;7;9801.039;9
790;32;5593.26;3
790;59;929.133;3
790;68;7248.889;1
791;13;3250.727;2
791;57;3477.779;1
791;52;3332.118;2
792;4;1243.703;5
792;9;8674.427;2
792;36;1971.171;3
793;23;968.156;7
793;45;9068.631;7
793;50;9132.528;1
794;21;7155.097;1
794;3;4667.227;7
794;41;7491.275;2
795;2;6479.481;9
795;32;9616.233;8
795;58;2760.788;7
796;27;9592.548;3
796;6;9697.409;1
796;41;4615.328;5
796;22;5897.04;7
797;57;1111.508;0
797;13;4657.599;3
798;5;4051.925;5
799;43;6011.116;0
799;19;8232.886;3
799;38;6012.129;6
800;52;5924.292;10
801;69;5376.827;8
801;64;9791.182;1
801;24;650.118;6
802;16;2728.798;3
802;42;6634.153;6
803;58;1381.324;7
804;32;8846.443;6
804;11;6376.589;8
805;10;1759.786;6
805;21;2272.679;5
806;23;8810.002;1
806;27;1957.202;4
806;54;5150.137;7
806;29;2775.849;6
807;37;4559.67;5
807;55;1524.754;2
807;65;2341.304;6
808;40;5247.262;1
808;48;6483.194;5
808;55;3444.561;0
808;4;9710.357;8
809;42;7943.006;10
809;34;5921.012;1
809;26;4955.724;4
810;37;9934.436;5
810;33;2419.061;7
811;49;7865.994;1
812;49;5803.375;6
812;22;9727.574;8
812;36;9444.683;8
813;31;6230.081;7
814;36;4925.563;4
814;52;2885.876;1
814;15;5206.697;1
814;39;8317.847;9
815;14;6198.444;4
815;35;8618.233;6
816;65;7599.017;6
817;39;2280.465;2
817;63;1789.266;9
817;23;4582.945;10
817;31;7460.127;3
818;62;7743.333;2
818;2;8193.53;5
819;64;7484.33;6
819;57;2880.414;9
820;47;5612.254;7
820;50;328.131;10
820;51;3230.465;5
820;21;2205.573;2
821;43;7889.341;3
821;72;5404.446;10
822;9;8104.024;2
822;1;6716.937;0
822;57;1555.955;0
822;48;7018.475;4
823;39;831.571;3
823;56;6519.828;7
823;55;7160.187;4
824;11;5436.82;10
824;65;7509.033;7
824;62;6509.822;2
825;15;907.879;0
825;61;6122.63;4
826;58;254.782;2
827;35;82.657;2
828;35;1232.286;7
828;55;6225.676;3
829;56;923.008;6
829;15;9672.24;5
829;9;3401.983;3
829;34;2325.484;0
830;61;3075.468;5
831;54;9660.401;9
831;10;7291.091;6
831;71;3734.746;9
831;30;264.304;4
832;33;6330.021;7
832;17;8543.667;7
832;57;9492.72;2
832;27;3440.899;3
833;22;5684.681;0
833;48;9804.101;10
833;24;7555.168;1
834;3;1132.359;7
834;60;2246.588;5
834;18;6229.683;5
834;70;4062.964;0
835;71;1483.643;7
836;63;5383.2;1
837;56;5987.041;5
837;72;7454.896;3
837;10;9939.129;6
837;5;5404.233;2
838;46;6640.073;0
838;55;31.293;6
838;45;7709.344;2
838;10;9410.274;9
839;10;6266.789;1
839;72;6692.202;4
839;58;93.471;1
840;39;6769.112;3
840;9;5770.509;10
841;32;8308.557;7
841;59;2277.41;3
841;17;1029.306;10
842;68;4790.932;7
842;34;7420.225;8
842;26;3591.145;6
842;10;8111.829;8
843;33;5607.686;0
843;71;3486.386;0
844;24;1083.146;3
844;9;7640.105;0
844;60;942.548;10
844;10;6160.864;1
845;28;2839.193;4
845;62;839.969;2
846;6;3104.751;9
847;64;1526.391;7
847;1;2812.983;5
847;29;2253.061;8
847;21;6571.38;10
848;47;9694.356;3
848;66;9971.926;2
848;15;3465.687;8
848;59;5125.126;9
849;31;687.35;5
849;65;202.362;3
849;20;714.786;3
849;26;2868.805;9
850;68;4195.018;9
850;48;4658.969;0
851;20;284.025;9
852;31;7220.415;1
852;52;1155.717;5
852;43;8032.212;0
852;22;4097.483;4
853;58;1311.815;8
854;20;5059.308;1
854;35;2154.157;1
854;22;8767.322;6
855;37;6693.963;4
856;53;979.784;9
856;32;739.615;1
856;40;9668.171;6
856;6;5651.504;9
857;37;8304.733;8
857;51;727.009;10
857;67;1776.514;1
857;10;3111.57;9
858;38;453.341;7
858;22;5761.349;10
859;66;3494.767;9
860;46;7201.761;10
860;64;6947.519;4
860;26;9945.441;4
861;32;5606.509;3
861;27;9855.508;10
862;61;1751.121;3
863;39;9155.215;8
864;10;4920.945;5
864;16;5163.481;2
865;42;5740.268;3
865;69;9644.996;2
865;5;8400.928;8
865;29;9903.398;1
866;23;6321.709;0
866;37;6373.232;6
866;13;9733.561;2
867;22;8857.05;0
868;65;6832.211;8
868;69;4309.717;6
868;68;9145.872;8
868;60;821.75;9
869;18;295.648;10
870;53;6021.473;8
871;14;2722.704;1
872;46;4652.093;8
872;1;1187.297;8
872;22;6619.585;7
872;18;8446.106;8
873;45;9537.813;4
874;51;1230.108;9
874;2;268.937;0
874;58;2294.228;10
875;46;8805.318;4
875;8;2808.3;4
876;11;9137.049;7
876;25;2340.52;0
877;28;1551.834;6
877;58;8498.821;3
878;33;9241.958;6
878;37;3941.335;0
878;54;8647.28;6
878;25;6535.494;0
879;50;9966.247;9
879;23;1225.546;8
879;58;1988.28;10
879;5;2348.159;7
880;68;8542.322;8
881;47;9468.61;8
881;48;9514.22;6
882;56;345.841;1
882;6;5067.445;5
882;35;7612.513;8
883;61;5954.351;8
883;1;615.051;1
883;54;637.008;2
884;19;7659.676;0
884;8;6285.721;6
884;60;5478.866;4
884;25;9410.449;2
885;19;2300.534;3
885;35;8902.185;10
886;49;5362.941;0
886;9;3222.341;6
887;55;4849.731;6
887;68;4446.018;2
887;27;2345.233;10
888;46;6807.42;5
888;49;2027.518;4
889;31;7015.471;8
890;34;3666.331;8
890;37;7539.308;1
891;12;3750.181;8
891;31;9110.676;0
891;68;2817.905;3
892;71;5614.351;4
892;24;4595.693;2
893;39;1217.339;0
894;3;6914.866;6
894;71;8020.103;10
894;22;6505.924;2
895;59;2105.937;8
895;20;5334.633;1
895;72;9752.165;8
895;34;6132.333;7
896;44;5427.011;5
896;41;3711.146;7
896;54;2655.198;6
896;52;7831.75;9
897;24;2235.525;7
897;10;7485.153;10
898;12;5634.197;4
898;15;2239.712;4
899;39;5952.935;1
899;24;4327.084;2
899;33;9059.349;8
900;27;1335.009;1
900;70;9776.972;8
900;7;9083.789;10
900;22;7651.067;3
901;11;7045.606;9
901;52;6502.543;3
901;61;5455.074;1
902;5;9206.11;4
902;41;9626.327;10
903;49;6989.3;3
903;1;7042.195;10
903;42;7012.522;0
903;66;1602.353;5
904;37;9197.546;2
904;5;266.018;6
904;18;7300.303;2
904;58;6895.332;4
905;23;1842.557;3
905;7;6185.387;2
906;60;8482.184;5
906;71;4333.046;3
906;12;598.893;3
907;51;8853.229;2
907;13;2178.086;8
908;11;3600.89;5
908;29;2978.307;10
908;6;8621.069;10
908;18;9033.197;10
909;49;2576.91;2
910;68;12.922;2
910;70;5544.797;5
910;20;956.01;2
910;54;1404.351;1
911;44;5936.114;5
911;66;7437.317;6
912;47;7998.968;0
912;15;9763.141;6
912;56;5448.042;6
913;7;1943.664;6
914;34;5517.389;5
914;49;5553.556;0
914;45;7069.174;4
914;1;3307.223;2
915;16;6970.824;9
915;23;9014.591;2
916;12;1383.596;1
916;34;8784.949;5
917;12;9306.563;7
917;69;1222.315;0
917;10;1637.328;3
918;58;1337.299;6
918;22;3620.305;2
918;13;6488.543;8
918;41;9733.663;3
919;27;4510.279;9
919;49;9943.963;9
919;18;4169.114;8
920;52;8149.061;7
920;20;5441.156;8
920;23;3348.337;3
921;47;4189.59;0
922;19;8665.912;3
922;6;9136.888;2
922;18;7138.02;8
923;19;7429.808;8
923;30;9416.476;7
924;21;3335.643;9
924;38;8650.709;1
925;12;2976.522;3
925;30;8762.217;1
926;59;3357.57;2
926;67;675.285;3
926;28;7944.508;8
927;15;7895.983;4
927;60;6590.267;7
927;57;3037.855;9
927;27;5954.282;2
928;43;5037.81;7
928;22;2692.0;8
929;38;9105.142;4
929;2;1033.661;8
930;21;7599.407;2
931;14;452.037;6
931;9;3875.768;9
932;63;2485.687;9
932;18;820.506;7
932;61;815.05;6
933;29;7029.544;2
933;19;6754.96;3
934;28;2041.541;10
935;7;201.52;3
935;1;8496.15;0
935;24;5519.68;1
936;72;9031.448;3
937;61;9059.454;0
937;37;8428.203;7
937;10;5919.809;4
938;69;6520.164;2
938;48;9650.198;4
938;60;5279.76;0
938;59;25.111;0
939;26;5990.928;0
939;34;643.998;1
939;23;2319.229;8
940;46;5437.717;8
940;4;3753.435;7
940;65;8166.807;4
941;21;4845.904;4
941;52;3727.785;5
941;66;2884.673;2
941;58;472.095;6
942;24;1873.215;5
942;22;6205.826;0
943;56;1854.719;9
943;63;4858.327;5
943;14;1829.44;6
944;33;3147.626;4
944;42;4939.305;2
945;33;9228.591;7
945;3;9910.6;2
945;60;8786.919;9
945;21;9694.606;9
946;69;7113.681;7
946;53;1011.132;6
946;35;6131.922;5
947;46;35.294;10
948;55;678.777;8
949;50;7985.732;9
949;63;7482.712;5
949;66;7101.942;5
950;4;2730.207;6
950;8;7399.889;4
951;8;729.762;0
951;58;6164.183;2
952;21;6114.982;10
952;60;7324.284;4
953;19;8047.175;6
953;72;1621.534;6
953;8;3693.1;2
953;68;9154.936;2
954;47;4462.31;3
954;41;3228.924;3
955;65;2060.58;8
956;3;161.706;3
956;36;642.166;0
956;27;6550.985;0
957;20;4240.756;2
958;32;9036.644;5
959;2;9831.719;4
960;29;6452.419;3
960;23;2322.015;3
961;24;3214.499;5
961;23;7916.03;0
961;67;1677.275;4
961;59;7425.242;3
962;9;5087.372;3
963;51;1744.659;5
963;45;8845.204;0
963;61;4167.164;0
963;42;3050.861;2
964;71;4918.512;0
964;34;6846.533;8
965;1;7154.648;2
965;41;7261.67;3
966;71;2480.463;8
966;68;2390.757;8
966;53;9274.406;3
966;49;2917.218;3
967;38;4087.47;9
967;49;3632.067;1
968;54;880.277;6
969;39;5501.552;9
969;65;1236.594;3
969;40;7265.789;8
970;49;6099.329;3
970;24;2848.548;2
971;16;1436.267;3
971;10;755.022;6
971;64;487.064;3
972;39;2090.705;1
972;46;7140.985;9
972;35;2874.808;9
973;60;7085.496;10
974;39;3684.739;10
974;13;8980.47;2
974;60;2862.853;2
975;44;4366.803;7
976;49;1619.587;9
976;2;3352.56;1
976;21;6072.031;5
977;48;5065.441;0
977;7;4501.974;10
977;16;49.098;1
978;72;8574.052;9
978;24;3102.143;5
978;47;1916.901;2
978;34;9404.667;6
979;49;4421.017;3
980;38;3254.814;3
980;17;8157.786;8
981;42;7011.544;9
982;22;5280.575;9
982;54;3982.659;3
982;33;6205.019;5
982;23;6424.226;3
983;16;2675.413;7
983;69;6580.58;5
984;9;9299.765;1
984;41;7856.261;5
984;32;7903.476;9
985;28;4239.127;0
985;39;9963.841;8
986;50;6436.603;2
986;61;1458.76;10
986;12;432.161;6
986;55;550.65;7
987;47;881.589;7
987;24;7050.742;6
988;37;4277.747;0
988;54;7234.813;4
988;6;7198.56;5
988;10;26.34;3
989;24;2275.559;0
989;30;9570.242;5
990;16;9382.414;7
990;66;2353.444;7
991;16;1195.653;0
991;66;1987.02;3
991;39;7769.433;10
991;14;9420.71;8
992;9;6101.704;9
992;69;9947.031;6
993;30;1417.713;1
994;17;998.054;2
994;43;4394.372;6
994;13;8393.534;2
994;6;7618.244;10
995;5;9678.093;3
996;13;6438.488;5
997;11;1588.762;3
997;47;4162.542;1
997;12;1145.841;4
998;67;3807.797;8
999;59;9389.616;4
999;15;2321.911;10
999;69;3231.558;5
999;67;2660.174;3
1000;6;9285.762;1
1000;32;5078.906;8
1000;23;2598.603;6
